City_ID,City,Lat,Lng,Max Temp,Humidity,Cloudiness,Wind Speed,Country,Date
0,gaoping,30.7758,106.1029,83.5,46,100,3.91,CN,1686448042
1,stanley,54.868,-1.6985,52.7,94,0,2.3,GB,1686447763
2,thompson,55.7435,-97.8558,73.56,25,20,10.36,CA,1686448025
3,port-aux-francais,-49.35,70.2167,39.33,67,99,30.56,TF,1686448028
4,dhana,23.75,78.85,91.89,30,52,17.81,IN,1686448044
5,cabo san lucas,22.8909,-109.9124,88.9,67,3,15.1,MX,1686448005
6,t'aebaek,37.1759,128.9889,73.18,58,4,2.06,KR,1686448045
7,kolwezi,-10.7148,25.4667,56.61,59,32,4.05,CD,1686448045
8,bilibino,68.0546,166.4372,69.24,19,0,10.87,RU,1686448045
9,saint croix,17.7397,-64.7388,81.05,78,20,8.05,VI,1686447933
10,touros,-5.1989,-35.4608,75.33,86,8,11.07,BR,1686448042
11,avarua,-21.2078,-159.775,78.85,83,20,5.75,CK,1686448046
12,bethel,41.3712,-73.414,66.63,70,0,3.44,US,1686447846
13,potam,27.6,-110.3833,85.82,34,1,8.37,MX,1686448047
14,grytviken,-54.2811,-36.5092,31.95,95,96,7.65,GS,1686448047
15,estacion coahuila,32.1939,-115.0017,85.23,26,1,12.73,MX,1686448048
16,blackmans bay,-43.0167,147.3167,59.74,65,61,6.49,AU,1686448048
17,college,64.8569,-147.8028,69.75,36,75,6.91,US,1686448049
18,puerto natales,-51.7236,-72.4875,40.84,75,100,15.17,CL,1686448037
19,gao,16.6362,1.637,85.21,45,91,7.72,ML,1686448050
20,mount pearl,47.5166,-52.7813,47.14,95,100,12.66,CA,1686448050
21,puri,19.8,85.85,84.72,77,100,8.77,IN,1686448051
22,kiunga,-6.1219,141.2906,83.91,69,78,4.34,PG,1686448051
23,vilyuchinsk,52.9306,158.4028,70.07,49,22,6.04,RU,1686448052
24,tazovsky,67.4667,78.7,50.52,47,100,18.12,RU,1686448052
25,ad dawadimi,24.5077,44.3924,85.35,15,86,7.85,SA,1686448052
26,atafu village,-8.5421,-172.5159,83.79,76,60,11.05,TK,1686448047
27,bandarban,22.1965,92.2262,80.31,78,100,2.89,BD,1686448055
28,ust-nera,64.5667,143.2,65.26,43,100,6.42,RU,1686447855
29,ushuaia,-54.8,-68.3,35.26,80,75,21.85,AR,1686448024
30,longyearbyen,78.2186,15.6401,42.64,75,75,10.36,SJ,1686448056
31,port mathurin,-19.6833,63.4167,75.36,78,57,21.47,MU,1686448056
32,udachny,66.4167,112.4,43.45,100,100,24.09,RU,1686448057
33,kerikeri,-35.2268,173.9474,62.91,71,52,4.59,NZ,1686448041
34,khovd,48.0056,91.6419,79.7,22,1,1.01,MN,1686448057
35,waitangi,-43.9535,-176.5597,55.81,81,100,3.0,NZ,1686448058
36,o barco de valdeorras,42.4164,-6.9901,61.39,94,5,1.7,ES,1686448058
37,heihe,50.2441,127.4902,73.98,56,4,3.24,CN,1686448058
38,ribeira grande,38.5167,-28.7,61.77,78,21,4.0,PT,1686448058
39,lihue,21.9789,-159.3672,83.44,71,20,12.66,US,1686447877
40,north side,19.35,-81.2,84.27,84,20,8.05,KY,1686448059
41,le port,-20.9373,55.2919,71.6,91,23,7.49,RE,1686448060
42,nong khai,17.9167,103.0833,87.06,80,92,5.46,TH,1686448060
43,pendleton,45.6721,-118.7886,80.83,42,0,5.99,US,1686448061
44,nadvoitsy,63.8667,34.3167,44.85,69,80,4.65,RU,1686448061
45,san andres,12.5847,-81.7006,84.22,84,40,4.61,CO,1686448062
46,baiao,-2.7906,-49.6717,74.03,91,31,1.23,BR,1686448063
47,puerto ayora,-0.7393,-90.3518,79.56,92,94,11.01,EC,1686448063
48,tiksi,71.6872,128.8694,34.52,88,100,8.25,RU,1686448063
49,kavieng,-2.5744,150.7967,83.77,76,25,11.34,PG,1686448063
50,adamstown,-25.066,-130.1015,69.1,55,76,14.9,PN,1686448064
51,edinburgh of the seven seas,-37.0676,-12.3116,59.77,89,26,19.01,SH,1686448027
52,saint-philippe,-21.3585,55.7679,71.19,77,43,12.19,RE,1686448065
53,todabhim,26.9167,76.8167,95.02,27,0,18.84,IN,1686448065
54,yuzhno-kurilsk,44.0306,145.8556,55.02,85,79,8.5,RU,1686448065
55,fuyuan,46.4333,127.0833,74.34,47,100,8.79,CN,1686448066
56,kruisfontein,-34.0033,24.7314,52.99,48,0,8.41,ZA,1686448055
57,birzebbuga,35.8258,14.5269,71.15,94,66,5.75,MT,1686448067
58,bredasdorp,-34.5322,20.0403,50.59,80,8,4.0,ZA,1686448067
59,margaret river,-33.95,115.0667,55.85,61,100,19.82,AU,1686448069
60,hamilton,39.1834,-84.5333,74.25,48,20,5.75,US,1686448026
61,daru,-9.0763,143.2092,80.19,83,49,15.26,PG,1686448070
62,hermanus,-34.4187,19.2345,55.8,74,4,6.2,ZA,1686448037
63,iqaluit,63.7506,-68.5145,35.33,74,75,12.66,CA,1686447989
64,fale old settlement,-9.3852,-171.2468,83.86,76,66,10.45,TK,1686448071
65,tura,25.5198,90.2201,81.45,76,53,3.78,IN,1686448071
66,talnakh,69.4865,88.3972,43.21,49,39,6.22,RU,1686448072
67,port lincoln,-34.7333,135.8667,57.18,62,100,10.49,AU,1686448038
68,isafjordur,66.0755,-23.124,43.54,78,61,13.27,IS,1686448073
69,castillos,-34.1667,-53.8333,50.13,57,100,8.12,UY,1686448073
70,salor,41.3722,69.3817,80.11,35,72,2.57,UZ,1686448073
71,saipan,15.1355,145.701,88.5,100,40,12.66,MP,1686448075
72,praia da vitoria,38.7333,-27.0667,64.65,72,40,13.76,PT,1686448060
73,lebu,-37.6167,-73.65,45.91,78,7,11.52,CL,1686448028
74,nago,26.5881,127.9761,86.45,73,65,6.02,JP,1686448061
75,kuanda,56.3161,116.0806,78.96,35,4,2.06,RU,1686448076
76,ancud,-41.8697,-73.8203,42.08,78,52,4.09,CL,1686448077
77,mount isa,-20.7333,139.5,78.57,25,3,5.75,AU,1686448077
78,badger,64.8,-147.5333,69.67,40,20,6.91,US,1686447991
79,velburg,49.2321,11.6716,57.31,80,20,0.0,DE,1686448078
80,vorgashor,67.5833,63.95,46.76,81,98,11.21,RU,1686448079
81,pong,19.1493,100.2752,85.26,66,95,3.29,TH,1686448079
82,canton,23.1167,113.25,86.88,65,74,4.83,CN,1686448080
83,ilulissat,69.2167,-51.1,35.62,93,100,18.41,GL,1686448080
84,jamestown,42.097,-79.2353,67.64,48,40,4.61,US,1686448030
85,albany,42.6001,-73.9662,61.45,79,27,4.16,US,1686447903
86,sharypovo,55.5403,89.2008,53.65,73,45,5.88,RU,1686448082
87,remire-montjoly,4.9167,-52.2667,75.24,100,20,2.3,GF,1686447877
88,iskateley,67.6803,53.1512,38.57,73,66,19.73,RU,1686448084
89,punta arenas,-53.15,-70.9167,41.11,75,75,13.8,CL,1686447951
90,marquette,46.5333,-87.6335,47.25,95,72,4.0,US,1686447872
91,shubarkuduk,49.1447,56.4872,70.99,29,99,11.72,KZ,1686448085
92,tolanaro,-25.0319,46.9987,64.47,100,0,2.3,MG,1686448072
93,kingston,17.997,-76.7936,83.35,79,20,16.11,JM,1686448038
94,nizhnesortymskiy,62.4397,71.7603,50.94,92,100,12.84,RU,1686448087
95,codrington,-38.2667,141.9667,58.77,65,85,13.56,AU,1686448087
96,olonkinbyen,70.9221,-8.7187,33.51,86,73,18.97,SJ,1686448088
97,concepcion,-36.827,-73.0498,44.4,93,1,4.61,CL,1686448082
98,ghormach,35.7306,63.7826,77.18,25,12,1.05,AF,1686448088
99,al kharijah,25.4514,30.5464,79.61,30,0,8.34,EG,1686448089
100,chernyshevsk,52.5243,117.0174,74.64,43,4,2.51,RU,1686448089
101,dunedin,-45.8742,170.5036,48.79,59,100,0.87,NZ,1686447989
102,wailua homesteads,22.0669,-159.378,82.83,74,20,12.66,US,1686448090
103,argo,37.6333,22.7333,67.78,71,27,2.82,GR,1686448072
104,mount gambier,-37.8333,140.7667,56.37,69,93,8.55,AU,1686448092
105,bubaque,11.2833,-15.8333,81.61,77,100,3.98,GW,1686448092
106,papatowai,-46.5619,169.4708,51.96,73,54,4.18,NZ,1686448027
107,happy valley-goose bay,53.3168,-60.3315,57.51,72,20,14.97,CA,1686448093
108,galveston,29.3669,-94.9669,86.18,82,40,11.5,US,1686447928
109,minas de marcona,-15.2119,-75.1103,54.91,87,51,13.76,PE,1686448094
110,rio gallegos,-51.6226,-69.2181,41.05,60,0,28.77,AR,1686448095
111,san luis de la loma,17.2706,-100.8939,81.77,72,58,6.02,MX,1686448095
112,klaksvik,62.2266,-6.589,49.12,97,100,12.68,FO,1686448095
113,igrim,63.1906,64.4162,42.69,82,100,9.35,RU,1686448096
114,urzhar,47.093,81.6294,76.89,55,90,3.49,KZ,1686448097
115,amungan,15.3652,119.9582,80.04,88,100,8.79,PH,1686448097
116,juneau,58.3019,-134.4197,53.42,93,100,6.91,US,1686448097
117,deder,9.3167,41.45,55.49,89,50,6.96,ET,1686448098
118,west island,-12.1568,96.8225,76.98,94,75,25.3,CC,1686448031
119,cuito,-12.3833,16.9333,55.38,51,39,3.27,AO,1686448099
120,saint-pierre,-21.3393,55.4781,71.28,68,0,6.91,RE,1686448039
121,naantali,60.4674,22.0243,50.86,87,0,2.3,FI,1686448100
122,fortuna,40.5982,-124.1573,56.93,91,100,10.36,US,1686448031
123,padang,-0.9492,100.3543,80.65,76,75,2.28,ID,1686448101
124,pyu,18.4833,96.4333,82.27,79,72,7.47,MM,1686448101
125,haikou,20.0458,110.3417,78.93,100,75,4.47,CN,1686448101
126,kapuskasing,49.4169,-82.4331,46.49,81,100,10.36,CA,1686448094
127,port elizabeth,-33.918,25.5701,53.31,81,0,3.0,ZA,1686448102
128,laguna,38.421,-121.4238,79.92,50,0,10.36,US,1686448103
129,severobaykal'sk,55.65,109.3167,60.04,48,92,4.72,RU,1686448103
130,al qusayr,34.5091,36.5798,65.35,77,4,2.19,SY,1686448104
131,bhamo,24.2667,97.2333,82.2,80,76,1.03,MM,1686448104
132,yanggu,36.1106,115.7753,88.75,27,27,7.25,CN,1686448104
133,christchurch,-43.5333,172.6333,54.41,72,34,11.5,NZ,1686448058
134,uturoa,-16.7333,-151.4333,80.37,66,13,14.36,PF,1686448056
135,tikhvin,59.6451,33.5294,40.51,73,17,0.65,RU,1686448105
136,letlhakane,-21.4167,25.5833,56.39,50,0,10.02,BW,1686448105
137,okha,53.5739,142.9478,48.87,96,100,9.46,RU,1686448105
138,bandarbeyla,9.4942,50.8122,79.27,79,95,25.43,SO,1686448106
139,salekhard,66.53,66.6019,50.2,90,100,0.58,RU,1686448106
140,caiuti-sat,46.1833,26.9333,63.03,91,75,7.2,RO,1686448106
141,ulundi,-28.3352,31.4162,51.49,91,20,3.09,ZA,1686448107
142,petropavlovsk-kamchatsky,53.0452,158.6483,68.59,30,40,11.18,RU,1686447859
143,cartagena,10.3997,-75.5144,76.62,100,75,3.44,CO,1686448025
144,agat village,13.3886,144.6585,88.36,81,20,12.66,GU,1686448107
145,tromso,69.6496,18.957,49.37,76,100,1.14,NO,1686448108
146,pokhara,28.2333,83.9833,85.32,44,36,3.67,NP,1686448108
147,darwin,-12.4611,130.8418,85.89,39,0,13.8,AU,1686448034
148,ovalle,-30.5983,-71.2003,55.69,68,0,1.66,CL,1686448029
149,chegdomyn,51.1167,133.0167,75.24,52,59,5.01,RU,1686448109
150,i-n-salah,27.1935,2.4607,91.45,10,0,8.93,DZ,1686448061
151,usogorsk,63.4106,48.6872,37.94,72,24,9.71,RU,1686448110
152,kolonia,50.9333,6.95,70.83,61,0,9.22,DE,1686448110
153,anjozorobe,-18.4,47.8667,53.49,93,12,1.66,MG,1686448111
154,nizhniy odes,63.6445,54.856,35.71,80,100,13.18,RU,1686448111
155,guiuan,11.0333,125.7247,84.33,76,62,10.54,PH,1686448112
156,kingsland,30.8,-81.6898,77.92,90,46,2.93,US,1686448112
157,port alfred,-33.5906,26.891,57.45,61,0,10.33,ZA,1686448112
158,tadine,-21.55,167.8833,73.72,52,1,11.25,NC,1686448112
159,akjoujt,19.6969,-14.4164,89.56,24,5,16.78,MR,1686448039
160,quelimane,-17.8786,36.8883,67.91,93,0,5.01,MZ,1686448113
161,gerash,27.6652,54.1371,77.14,23,0,2.46,IR,1686448113
162,necochea,-38.5473,-58.7368,46.65,73,84,16.53,AR,1686448037
163,prince rupert,54.3161,-130.3201,57.29,79,0,19.57,CA,1686448114
164,polyarnyy,69.1989,33.4478,45.55,70,100,3.85,RU,1686448114
165,utrik,11.2278,169.8474,82.2,79,98,16.26,MH,1686448066
166,nuku'alofa,-21.1333,-175.2,75.54,69,75,4.61,TO,1686448082
167,afaahiti,-17.75,-149.2833,80.47,71,12,13.02,PF,1686448115
168,simao dias,-10.7383,-37.8111,69.91,96,86,3.76,BR,1686448115
169,moyynkum,44.2914,72.9469,75.65,51,10,18.21,KZ,1686448116
170,nantucket,41.2835,-70.0995,57.99,88,0,9.22,US,1686448117
171,palikir - national government center,6.9248,158.1611,92.14,55,100,5.75,FM,1686448071
172,chibougamau,49.9168,-74.3659,55.02,94,100,3.44,CA,1686448119
173,al ghayzah,16.2079,52.176,83.59,76,100,2.55,YE,1686448119
174,lata,40.1629,-8.3327,60.08,96,6,2.17,PT,1686448120
175,kodiak,57.79,-152.4072,45.91,87,100,21.85,US,1686448121
176,haiku-pauwela,20.9219,-156.3051,84.22,45,20,23.02,US,1686448121
177,yashan,22.1975,109.9419,85.55,76,55,4.5,CN,1686448122
178,miura,35.14,139.6192,70.84,94,100,6.29,JP,1686448122
179,"laikit, laikit ii (dimembe)",1.4792,124.9735,85.05,66,20,5.75,ID,1686448122
180,quartu sant'elena,39.2419,9.1839,71.04,82,0,13.0,IT,1686447975
181,bondoukou,8.0333,-2.8,70.93,98,100,6.13,CI,1686448122
182,revda,56.801,59.9303,44.47,86,99,6.58,RU,1686448123
183,antonio enes,-16.2325,39.9086,71.74,85,0,1.43,MZ,1686448123
184,mahibadhoo,3.7833,72.9667,84.06,76,66,13.67,MV,1686448124
185,eraan,9.0629,117.7016,88.57,64,51,7.23,PH,1686448125
186,olyokminsk,60.3736,120.4264,84.22,30,100,6.8,RU,1686448125
187,brioude,45.1667,3.4167,56.23,97,2,1.88,FR,1686448125
188,wajir,1.7471,40.0573,75.11,77,81,15.01,KE,1686448125
189,carnarvon,-24.8667,113.6333,69.78,54,0,11.48,AU,1686448057
190,nova sintra,14.8667,-24.7167,71.83,80,20,18.12,CV,1686448126
191,emirdag,39.0197,31.15,61.66,80,100,1.68,TR,1686448127
192,quellon,-43.1167,-73.6167,39.45,93,0,0.0,CL,1686448127
193,lincoln city,44.9582,-124.0179,69.87,74,15,21.0,US,1686447959
194,novoorsk,51.381,58.9813,61.45,43,75,6.24,RU,1686448127
195,susuman,62.7833,148.1667,68.52,41,16,6.44,RU,1686448128
196,mar del plata,-38.0023,-57.5575,44.1,90,75,4.0,AR,1686448077
197,diamantino,-14.4086,-56.4461,75.9,55,32,4.99,BR,1686448129
198,turuntayevo,52.2,107.6167,71.69,25,17,3.02,RU,1686448129
199,yongchuan,29.3514,105.8947,81.37,61,100,0.87,CN,1686448130
200,funadhoo,6.15,73.2667,83.71,79,100,15.73,MV,1686448130
201,alice springs,-23.7,133.8833,67.21,22,100,8.05,AU,1686448131
202,semirom,31.4167,51.5667,58.64,43,0,1.81,IR,1686448132
203,kitimat,54.0524,-128.6534,75.58,49,34,8.01,CA,1686448061
204,invercargill,-46.4,168.35,51.58,87,67,4.43,NZ,1686448132
205,merizo village,13.2658,144.6691,87.53,86,34,11.21,GU,1686447926
206,floro,61.5996,5.0328,58.96,67,100,10.36,NO,1686447892
207,kollam,8.8833,76.6,80.83,82,99,8.95,IN,1686448135
208,new norfolk,-42.7826,147.0587,60.93,61,68,6.42,AU,1686448070
209,kone,-21.0595,164.8658,78.69,44,0,6.24,NC,1686448135
210,cidade velha,14.9167,-23.6167,77.47,69,0,16.11,CV,1686448136
211,balabac,7.9868,117.0645,86.18,70,91,10.83,PH,1686448139
212,stephenville,32.2207,-98.2023,84.15,65,0,3.44,US,1686447929
213,chilecito,-29.1619,-67.4974,48.11,45,0,5.57,AR,1686448140
214,okap,19.7578,-72.2042,82.92,76,25,1.59,HT,1686448140
215,katsuura,35.1333,140.3,74.68,87,100,7.02,JP,1686448140
216,gadzhiyevo,69.2551,33.3362,45.0,69,100,3.78,RU,1686448088
217,ha'il,27.5219,41.6907,84.22,26,0,9.22,SA,1686447990
218,corner brook,48.9667,-57.9484,44.76,99,100,3.89,CA,1686447872
219,pangody,65.85,74.4859,48.15,76,100,20.58,RU,1686448142
220,rongelap,11.1635,166.8941,81.86,82,100,16.44,MH,1686448144
221,guerrero negro,27.9769,-114.0611,64.08,69,0,15.86,MX,1686448144
222,georgetown,5.4112,100.3354,85.93,84,20,2.3,MY,1686448100
223,sao joao da barra,-21.6403,-41.0511,72.81,92,1,11.07,BR,1686448145
224,greenville,35.6127,-77.3663,73.42,48,0,9.22,US,1686448065
225,san patricio,28.017,-97.5169,87.66,78,1,14.88,US,1686448146
226,punta del este,-34.9667,-54.95,55.51,56,75,16.11,UY,1686448146
227,niafunke,15.9322,-3.9906,90.81,34,98,12.19,ML,1686448146
228,taoudenni,22.6783,-3.9836,92.43,14,0,15.28,ML,1686448147
229,dudinka,69.4058,86.1778,43.63,42,67,9.82,RU,1686448147
230,ikom,5.9667,8.7063,73.89,98,100,0.94,NG,1686448147
231,chonchi,-42.6128,-73.8092,39.11,91,57,2.62,CL,1686448030
232,cururupu,-1.8283,-44.8683,74.14,98,22,3.24,BR,1686448148
233,tando muhammad khan,25.123,68.5358,84.99,72,2,14.09,PK,1686448148
234,masterton,-40.9597,175.6575,53.89,63,81,1.07,NZ,1686448148
235,saint-louis,16.3333,-15.0,96.26,17,29,20.09,SN,1686448149
236,maryborough,-25.5333,152.7,71.78,53,89,8.9,AU,1686448149
237,kuqa,41.7278,82.9364,89.38,14,99,4.0,CN,1686448149
238,vila franca do campo,37.7167,-25.4333,61.21,81,31,7.78,PT,1686448077
239,arkhangel'sk,64.5401,40.5433,41.25,74,91,5.01,RU,1686448150
240,akyurt,40.1351,33.0861,60.13,88,40,3.44,TR,1686448150
241,hammerfest,70.6634,23.6821,50.45,50,98,3.44,NO,1686448150
242,kapa'a,22.0752,-159.319,84.18,74,20,12.66,US,1686448151
243,pingliang,35.5392,106.6861,82.33,28,100,4.61,CN,1686448028
244,tyuratam,45.6507,63.3156,76.05,23,4,13.38,KZ,1686448151
245,bonthe,7.5264,-12.505,79.47,84,98,5.84,SL,1686448151
246,kawalu,-7.3817,108.2082,78.26,76,44,3.71,ID,1686448051
247,bikenibeu village,1.3673,173.1241,89.56,70,20,10.36,KI,1686448152
248,hawaiian paradise park,19.5933,-154.9731,81.91,70,0,9.22,US,1686448152
249,tafuna,-14.3358,-170.72,85.95,84,40,6.91,AS,1686448152
250,de aar,-30.6497,24.0123,43.45,57,0,4.36,ZA,1686448153
251,weno,7.4515,151.8468,85.95,79,100,2.3,FM,1686448153
252,inongo,-1.95,18.2667,68.18,94,98,2.24,CD,1686448153
253,aral,40.5156,81.2636,89.62,11,98,4.38,CN,1686448154
254,toliara,-23.35,43.6667,66.51,89,0,5.68,MG,1686448154
255,saint-francois,46.4154,3.9054,63.84,94,0,1.14,FR,1686448154
256,brookings,44.3114,-96.7984,71.6,68,40,16.11,US,1686448155
257,corumba,-19.0092,-57.6533,72.64,65,0,1.52,BR,1686448155
258,kibaya,-5.3,36.5667,52.16,97,31,3.02,TZ,1686448155
259,khandyga,62.6667,135.6,73.94,35,89,3.42,RU,1686448155
260,ghanzi,-21.5667,21.7833,56.26,28,0,7.65,BW,1686448156
261,awjilah,29.1081,21.2869,75.92,37,26,3.11,LY,1686448156
262,sao felix do xingu,-6.6447,-51.995,75.33,82,56,2.01,BR,1686448156
263,dryden,49.7833,-92.7503,62.89,39,0,10.36,CA,1686448156
264,adirampattinam,10.35,79.4,87.01,61,74,6.49,IN,1686448157
265,vadso,70.0744,29.7487,45.48,81,96,8.05,NO,1686447991
266,margherita di savoia,41.3742,16.1502,66.92,78,86,8.48,IT,1686448157
267,jalai nur,49.45,117.7,67.14,51,6,6.71,CN,1686448158
268,dwarka,22.2394,68.9678,84.81,75,43,19.39,IN,1686448159
269,vigan,17.5747,120.3869,79.65,91,100,22.17,PH,1686448159
270,ishinomaki,38.4167,141.3,68.0,94,100,5.08,JP,1686448160
271,rice lake,45.5061,-91.7382,60.48,85,40,17.27,US,1686448161
272,tsiombe,-25.3,45.4833,63.23,95,0,4.65,MG,1686448162
273,walvis bay,-22.9575,14.5053,53.1,93,0,4.61,NA,1686448047
274,saudarkrokur,65.7461,-19.6394,41.7,76,13,17.76,IS,1686448163
275,port hedland,-20.3167,118.5667,77.05,31,75,6.91,AU,1686448052
276,yellowknife,62.456,-114.3525,66.72,68,100,4.61,CA,1686448163
277,tan-tan,28.438,-11.1032,66.07,88,0,8.25,MA,1686448164
278,st. john's,47.5649,-52.7093,47.97,95,100,12.66,CA,1686448164
279,saint john,45.2727,-66.0677,51.03,93,75,5.75,CA,1686448033
280,bethanie,-26.4833,17.15,50.29,21,0,4.43,NA,1686448165
281,natal,-5.795,-35.2094,75.85,100,20,6.91,BR,1686448166
282,enewetak,11.3474,162.3373,82.22,81,100,16.28,MH,1686448166
283,fort bragg,35.139,-79.006,78.53,43,0,6.91,US,1686448009
284,san carlos de bariloche,-41.1456,-71.3082,29.95,64,20,4.61,AR,1686448167
285,portland,45.5234,-122.6762,74.52,58,20,10.36,US,1686447462
286,idrinskoye,54.3708,92.1358,55.62,83,100,9.62,RU,1686448169
287,inarajan village,13.2736,144.7484,88.39,86,32,11.12,GU,1686448170
288,makinsk,52.6292,70.4169,63.09,48,0,1.48,KZ,1686448170
289,lucapa,-8.4192,20.7447,74.8,40,100,3.53,AO,1686448170
290,tonghae,37.5439,129.1069,69.89,79,20,4.79,KR,1686448171
291,hotan,37.0997,79.9269,84.18,16,3,6.58,CN,1686448034
292,yenotayevka,47.2456,47.0281,70.52,40,90,10.96,RU,1686448172
293,uvira,-3.4067,29.1458,71.62,74,54,3.36,CD,1686448172
294,sakaiminato,35.55,133.2333,73.38,88,75,5.75,JP,1686448172
295,el nido,11.1858,119.3956,83.88,79,100,14.25,PH,1686448174
296,queenstown,-31.8976,26.8753,43.39,61,0,7.09,ZA,1686448174
297,ar rutbah,33.0381,40.2848,73.22,53,0,6.51,IQ,1686448175
298,pulandian,39.3953,121.9669,71.31,58,55,8.7,CN,1686448175
299,keflavik,64.0049,-22.5624,46.31,70,75,19.57,IS,1686448031
300,as sulayyil,20.4607,45.5779,84.45,13,2,3.56,SA,1686448058
301,kharovsk,59.9642,40.1912,37.24,71,8,2.71,RU,1686448177
302,san antonio de pale,-1.4014,5.6325,77.54,79,100,11.7,GQ,1686448177
303,badagry,6.4167,2.8833,77.4,89,100,8.72,NG,1686448177
304,timimoun,29.2639,0.231,80.98,9,0,2.3,DZ,1686448178
305,ta`u,-14.2336,-169.5144,82.6,77,69,11.3,AS,1686448178
306,cheongsong gun,36.4335,129.057,80.06,53,18,2.35,KR,1686448178
307,horta,38.5333,-28.6333,60.03,77,34,5.01,PT,1686448178
308,severo-yeniseyskiy,60.3725,93.0408,45.37,50,13,10.11,RU,1686448179
309,jayapura,-2.5333,140.7,87.19,66,91,5.12,ID,1686448179
310,chilca,-12.5211,-76.7372,66.92,83,96,8.84,PE,1686448180
311,alofi,-19.0595,-169.9187,78.69,89,24,5.75,NU,1686448180
312,northam,51.0333,-4.2167,59.61,92,24,2.66,GB,1686448180
313,cooper's town,26.8667,-77.5167,81.52,76,0,6.62,BS,1686448181
314,santa rosalia,27.3167,-112.2833,82.31,33,0,3.89,MX,1686448181
315,ust'-ilimsk,58.0006,102.6619,61.99,72,100,10.65,RU,1686448181
316,arteche,12.2645,125.4048,85.28,67,100,6.06,PH,1686448182
317,buala,-8.145,159.5921,85.28,71,57,7.9,SB,1686448182
318,meadow lake,34.8014,-106.5436,85.24,18,36,11.27,US,1686448182
319,puerto aysen,-45.4,-72.7,35.2,97,100,4.85,CL,1686448183
320,franklin,39.9667,-83.0166,77.04,46,0,4.61,US,1686447913
321,belmonte,-15.8631,-38.8828,73.76,87,19,4.97,BR,1686448184
322,berriane,32.8265,3.7669,83.21,25,0,14.54,DZ,1686448184
323,jijiga,9.35,42.8,62.38,88,95,10.6,ET,1686448184
324,ginir,7.1333,40.7,57.97,87,90,3.94,ET,1686448185
325,kolonia town,6.964,158.206,93.2,55,100,5.75,FM,1686448185
326,yarmouth,41.7057,-70.2286,60.85,90,0,4.0,US,1686448109
327,kendari,-3.945,122.4989,77.81,92,100,1.41,ID,1686448077
328,benalla,-36.55,145.9833,53.29,64,11,4.14,AU,1686448186
329,qaqortoq,60.7167,-46.0333,39.99,69,100,2.06,GL,1686448187
330,paramaribo,5.8667,-55.1667,79.05,91,13,6.89,SR,1686448187
331,luganville,-15.5333,167.1667,77.13,81,99,11.88,VU,1686448187
332,anadyr,64.75,177.4833,41.5,75,75,15.66,RU,1686448027
333,ceeldheer,3.8488,47.1806,77.54,86,100,15.64,SO,1686448038
334,callao,-12.0667,-77.15,71.89,73,100,12.66,PE,1686448188
335,illizi,26.4833,8.4667,91.2,15,3,7.78,DZ,1686448189
336,cooma,-36.2333,149.1333,52.45,48,0,3.69,AU,1686448189
337,constantia,44.1833,28.65,61.7,84,78,6.24,RO,1686447902
338,namibe,-15.1961,12.1522,66.65,71,100,9.82,AO,1686448190
339,chabahar,25.2919,60.643,83.26,81,100,10.96,IR,1686448190
340,grand falls-windsor,48.9332,-55.6649,40.5,93,100,8.01,CA,1686448033
341,yeppoon,-23.1333,150.7333,73.18,67,87,9.93,AU,1686448073
342,antofagasta,-23.65,-70.4,63.68,83,61,5.39,CL,1686448045
343,san juan,-31.5375,-68.5364,47.43,28,0,11.52,AR,1686448148
344,khanty-mansiysk,61.0042,69.0019,51.91,100,40,8.99,RU,1686448193
345,cidreira,-30.1811,-50.2056,62.49,89,100,18.57,BR,1686448193
346,yaren,-0.5472,166.916,84.06,73,72,13.04,NR,1686448074
347,karasburg,-28.0167,18.75,49.08,26,0,2.8,NA,1686448194
348,hampton bays,40.869,-72.5176,65.07,86,0,3.44,US,1686448195
349,dauphin,51.1494,-100.0502,68.14,37,0,5.75,CA,1686448195
350,mil'kovo,55.6078,37.7956,46.89,73,100,7.65,RU,1686448196
351,mugia,43.1041,-9.2179,58.15,90,75,5.95,ES,1686448196
352,baruun-urt,46.6806,113.2792,66.43,48,44,14.74,MN,1686448197
353,wakkanai,45.4094,141.6739,62.58,77,75,11.5,JP,1686448197
354,nemuro,43.3236,145.575,53.37,93,100,6.42,JP,1686448197
355,nuuk,64.1835,-51.7216,52.41,35,100,52.93,GL,1686448197
356,geraldton,-28.7667,114.6,61.21,94,75,6.91,AU,1686448051
357,chui,-33.6971,-53.4616,49.91,59,82,7.81,UY,1686448057
358,kirakira,-10.4544,161.9205,83.84,76,65,8.84,SB,1686448198
359,sargur,11.9833,76.4167,74.14,83,95,9.35,IN,1686448199
360,yalutorovsk,56.6536,66.3006,58.1,76,99,9.64,RU,1686448199
361,fuerte olimpo,-21.0415,-57.8738,76.48,53,1,7.34,PY,1686448057
362,rio de janeiro,-22.9028,-43.2075,75.16,69,0,4.61,BR,1686447807
363,ilhabela,-23.7781,-45.3581,70.45,64,0,6.22,BR,1686448201
364,clarion,41.2148,-79.3853,70.77,84,100,2.33,US,1686447973
365,hithadhoo,-0.6,73.0833,83.07,75,42,6.29,MV,1686448202
366,briar,32.9951,-97.5428,85.42,63,51,11.01,US,1686448202
367,novopskov,49.5464,39.0899,60.08,90,100,18.43,UA,1686448203
368,zhangye,38.9342,100.4517,81.03,18,100,8.25,CN,1686448041
369,charters towers,-20.1,146.2667,74.93,54,66,11.05,AU,1686448204
370,whitehorse,60.7161,-135.0538,63.1,33,75,17.27,CA,1686448204
371,parral,26.9333,-105.6667,82.42,16,79,16.35,MX,1686448205
372,tarawa,1.419,172.984,89.69,70,20,10.36,KI,1686448205
373,manokwari,-0.8667,134.0833,83.75,68,23,2.89,ID,1686448206
374,tabou,4.423,-7.3528,77.74,84,100,12.41,CI,1686448206
375,beberibe,-4.1797,-38.1306,76.3,89,0,7.2,BR,1686448206
376,erdenet,49.0333,104.0833,71.44,30,12,1.16,MN,1686447961
377,tazacorte,28.629,-17.9293,68.97,75,0,8.05,ES,1686448207
378,tynda,55.1667,124.7167,73.24,51,100,5.3,RU,1686448207
379,arish,31.1316,33.7984,71.69,78,5,3.47,EG,1686448208
380,vorkuta,67.5,64.0,48.13,79,100,9.84,RU,1686448083
381,green river,41.5286,-109.4662,64.8,46,98,1.99,US,1686448209
382,port saint john's,-31.6229,29.5448,56.43,71,0,6.89,ZA,1686448084
383,hutchinson,38.0608,-97.9298,80.55,54,0,6.91,US,1686448020
384,macapa,0.0389,-51.0664,80.58,89,20,4.61,BR,1686448209
385,taltal,-25.4,-70.4833,60.73,84,12,1.59,CL,1686448210
386,arlon,49.6833,5.8167,65.61,78,6,6.69,BE,1686448210
387,caratinga,-19.7897,-42.1392,63.64,77,0,2.82,BR,1686448210
388,wittenberge,53.0,11.75,58.03,74,18,8.05,DE,1686448210
389,beitbridge,-22.2167,30.0,58.06,78,0,9.46,ZW,1686448211
390,labuan,5.2767,115.2417,84.56,74,20,2.3,MY,1686448211
391,chapaev,50.2,51.1667,72.79,33,100,5.97,KZ,1686448212
392,sinabang,2.4803,96.3801,82.71,80,100,4.88,ID,1686448212
393,selkirk,50.1436,-96.8845,69.94,63,8,8.43,CA,1686448212
394,cornedo vicentino,45.6131,11.3406,64.78,85,10,4.59,IT,1686448213
395,bairnsdale,-37.8333,147.6167,61.05,59,7,1.01,AU,1686448213
396,fort william,56.8165,-5.1121,61.3,90,100,3.69,GB,1686448214
397,akodia,23.3833,76.6,85.98,53,4,14.54,IN,1686448214
398,kawm umbu,24.4767,32.9463,84.65,26,0,10.78,EG,1686448214
399,la ronge,55.1001,-105.2842,75.42,31,75,10.36,CA,1686448215
400,chubek,37.6137,69.7061,82.47,26,0,0.56,TJ,1686448215
401,arraial do cabo,-22.9661,-42.0278,72.0,80,0,7.67,BR,1686448216
402,garden city,42.3256,-83.331,77.99,41,100,3.44,US,1686448216
403,kadi,23.3,72.3333,85.86,66,5,10.45,IN,1686448217
404,malanje,-9.5402,16.341,63.95,76,99,1.28,AO,1686448218
405,blackfoot,43.1905,-112.345,76.01,67,99,5.32,US,1686448121
406,houlton,46.1262,-67.8403,53.73,95,20,3.44,US,1686448218
407,huilong,31.8111,121.655,75.97,80,49,8.97,CN,1686448219
408,tabas,33.5959,56.9244,75.42,31,2,2.3,IR,1686448219
409,huarmey,-10.0681,-78.1522,70.25,83,49,10.71,PE,1686448220
410,khandud,36.9513,72.318,55.11,44,4,1.1,AF,1686448220
411,yuanping,38.7153,112.7575,77.86,22,99,1.97,CN,1686448221
412,bu'aale,1.0833,42.5833,72.23,97,96,4.97,SO,1686448221
413,paidha,2.4167,30.9855,60.04,89,100,4.52,UG,1686448221
414,claudio,-20.4433,-44.7658,58.59,67,0,2.77,BR,1686448222
415,bengkulu,-3.8004,102.2655,80.46,77,45,2.3,ID,1686448222
416,margate,51.3813,1.3862,67.3,73,28,1.99,GB,1686448222
417,les cayes,18.2,-73.75,79.0,89,10,3.38,HT,1686448223
418,nichinan,31.6,131.3667,71.28,97,100,5.3,JP,1686448223
419,colonia,50.9333,6.95,70.83,61,0,9.22,DE,1686448223
420,black point,-34.6187,137.8972,59.31,59,0,10.58,AU,1686448224
421,fedorovka,53.6314,62.7078,65.41,57,18,8.86,KZ,1686448224
422,papao,-17.75,-149.55,82.08,69,29,14.56,PF,1686448224
423,dunyapur,29.7995,71.7196,95.29,34,1,14.0,PK,1686448225
424,zaozersk,69.4005,32.4476,44.06,69,100,2.93,RU,1686448225
425,mahdia,35.5047,11.0622,71.55,87,3,12.48,TN,1686448225
426,kogalym,62.2654,74.4791,56.8,61,100,19.95,RU,1686448226
427,bardai,11.65,7.2333,75.81,74,80,9.06,NG,1686448226
428,kabompo,-13.5927,24.2008,54.86,57,4,2.37,ZM,1686448227
429,san salvador,13.6894,-89.1872,75.43,93,95,1.07,SV,1686448227
430,hadibu,12.65,54.0333,82.38,81,85,18.54,YE,1686448227
431,coron,11.9986,120.2043,83.35,83,100,10.87,PH,1686448228
432,hami,42.8,93.45,93.25,12,0,8.5,CN,1686448228
433,quepos,9.4236,-84.1652,77.07,84,100,6.49,CR,1686448229
434,tomatlan,19.9333,-105.25,78.58,78,55,6.58,MX,1686448230
435,klyuchi,52.2667,79.1667,62.24,58,3,7.11,RU,1686448032
436,dhidhdhoo,6.8833,73.1,84.06,78,100,17.13,MV,1686448231
437,brisas de zicatela,15.8369,-97.0419,86.52,70,75,3.44,MX,1686448231
438,sao tome,0.3365,6.7273,77.49,81,100,9.98,ST,1686448232
439,belel,7.05,14.4333,60.12,95,100,2.08,CM,1686448232
440,stony plain,53.5334,-114.0021,84.31,34,0,18.41,CA,1686448232
441,whitby,54.4877,-0.615,54.32,90,29,2.19,GB,1686448232
442,malango,-2.9627,119.9001,78.71,72,61,3.69,ID,1686448031
443,sandnessjoen,66.0217,12.6316,48.72,68,96,10.69,NO,1686448233
444,hanceville,34.0607,-86.7675,78.71,70,66,3.96,US,1686448233
445,tidjikja,18.5564,-11.4271,90.28,20,6,18.66,MR,1686448233
446,hilo,19.7297,-155.09,84.27,69,0,9.22,US,1686448126
447,dabeiba,7.0017,-76.2672,73.92,98,94,1.77,CO,1686448235
448,maceio,-9.6658,-35.7353,72.84,94,20,2.3,BR,1686448235
449,nelson bay,-32.7167,152.15,62.01,73,0,4.0,AU,1686448236
450,fortaleza,-3.7227,-38.5247,82.53,78,75,8.05,BR,1686448236
451,choibalsan,48.0667,114.5,67.71,51,23,12.06,MN,1686448236
452,aasiaat,68.7098,-52.8699,33.33,99,100,17.0,GL,1686448237
453,maych'ew,12.7875,39.5422,60.8,55,98,0.29,ET,1686448237
454,soto la marina,23.7667,-98.2167,81.18,84,50,10.92,MX,1686448237
455,monticello,45.3055,-93.7941,64.74,67,100,23.02,US,1686448238
456,konstantinovskoye,45.2992,42.6367,66.78,90,100,5.57,RU,1686448239
457,suva,-18.1416,178.4415,78.28,65,75,6.91,FJ,1686448240
458,marco island,25.9363,-81.7157,84.2,75,0,3.44,US,1686448057
459,akureyri,65.6835,-18.0878,44.53,57,20,6.91,IS,1686448049
460,talcahuano,-36.7167,-73.1167,44.28,93,2,4.61,CL,1686448241
461,santiago de cao,-7.9589,-79.2392,71.73,88,11,9.22,PE,1686448242
462,newman,37.3138,-121.0208,82.74,56,65,4.0,US,1686448073
463,yelizovo,53.1873,158.3805,69.94,30,40,11.18,RU,1686448077
464,roccella ionica,38.322,16.4009,68.04,80,79,5.19,IT,1686448242
465,burao,9.5221,45.5336,74.05,58,100,19.66,SO,1686448243
466,fort st. john,56.2499,-120.8529,67.89,60,75,9.22,CA,1686448094
467,charlestown,-32.95,151.6667,64.51,67,0,1.01,AU,1686448020
468,oroqen zizhiqi,50.5667,123.7167,73.51,48,16,3.58,CN,1686448244
469,chardara,41.2547,67.9692,78.06,28,66,18.05,KZ,1686448244
470,mawlamyinegyunn,16.3833,95.2667,84.88,71,90,9.42,MM,1686448244
471,assare,-6.8744,-39.875,76.66,60,90,5.95,BR,1686448245
472,torghay,49.6339,63.4981,71.8,30,0,3.18,KZ,1686448245
473,kidal,18.4411,1.4078,86.43,44,9,16.46,ML,1686448058
474,peniche,39.3558,-9.3811,62.46,95,1,1.81,PT,1686448246
475,guercif,34.2257,-3.3536,72.01,60,15,1.72,MA,1686448246
476,tayu,-6.5397,111.0518,84.67,61,43,8.61,ID,1686448246
477,butler,39.4501,-84.5666,73.62,50,0,5.75,US,1686448247
478,mogadishu,2.0371,45.3438,78.89,84,100,13.96,SO,1686448247
479,labrador city,52.9463,-66.9114,51.71,87,20,3.44,CA,1686448247
480,gokwe,-18.2048,28.9349,57.52,45,48,8.37,ZW,1686448247
481,tsiroanomandidy,-18.7667,46.0333,60.57,53,51,2.15,MG,1686448248
482,tofol,5.3248,163.0078,81.68,79,87,11.43,FM,1686448248
483,east london,-33.0153,27.9116,56.16,55,0,7.56,ZA,1686448248
484,las lomitas,-24.7096,-60.593,68.36,78,100,10.51,AR,1686448249
485,corowa,-36.0333,146.3833,55.58,82,0,2.86,AU,1686448250
486,yerofey pavlovich,53.9667,121.9667,76.03,39,3,5.48,RU,1686448250
487,chulakkurgan,43.765,69.1814,71.49,35,2,12.62,KZ,1686448250
488,cockburn town,21.4612,-71.1419,81.91,86,18,9.91,TC,1686448251
489,chistyye bory,58.3647,41.6278,38.48,81,7,3.96,RU,1686448251
490,antsiranana,-12.2787,49.2917,73.6,75,5,10.65,MG,1686448252
491,carutapera,-1.195,-46.02,76.08,92,34,5.79,BR,1686448253
492,shawano,44.7822,-88.609,59.34,91,100,12.68,US,1686448253
493,kuantan,3.8077,103.326,82.51,83,20,0.0,MY,1686448253
494,vernon,50.2581,-119.2691,78.3,52,97,1.14,CA,1686448253
495,bushehr,28.9684,50.8385,89.69,55,0,4.61,IR,1686448254
496,kingaroy,-26.5333,151.8333,69.69,40,1,7.78,AU,1686448254
497,chai badan,15.2,101.1333,86.86,63,94,13.38,TH,1686448255
498,kalabo,-14.97,22.6814,57.22,46,1,4.88,ZM,1686448255
499,mayqayyng,51.4625,75.7986,68.32,47,9,4.25,KZ,1686448255
500,kuala pilah,2.7389,102.2487,81.12,88,60,3.11,MY,1686448256
501,ust'-kut,56.7938,105.7672,63.79,92,100,5.7,RU,1686448256
502,acajutla,13.5928,-89.8275,82.02,79,100,2.8,SV,1686448257
503,siuna,13.7332,-84.7773,75.92,94,100,1.28,NI,1686448257
504,trairi,-3.2778,-39.2689,75.63,90,4,6.6,BR,1686448257
505,kabwe,-14.4469,28.4464,59.05,49,0,3.89,ZM,1686448258
506,saint-joseph,-21.3667,55.6167,70.18,77,26,10.56,RE,1686448258
507,kalmunai,7.4167,81.8167,82.74,72,70,4.09,LK,1686448259
508,temiskaming shores,47.4938,-79.7153,49.8,96,100,6.42,CA,1686448259
509,lospalos,-8.5186,127.0025,78.31,70,68,14.27,TL,1686448259
510,hengchun,22.0042,120.7439,84.16,74,100,4.41,TW,1686448260
511,flin flon,54.7682,-101.865,65.23,45,10,4.76,CA,1686448260
512,vicam,27.6333,-110.2833,87.91,26,1,9.33,MX,1686448261
513,lazaro cardenas,17.9583,-102.2,80.53,77,100,6.51,MX,1686448262
514,cajati,-24.7361,-48.1228,66.04,76,0,3.33,BR,1686448021
515,dampit,-8.2116,112.7493,80.24,68,67,4.18,ID,1686448263
516,lluta,-16.0147,-72.0142,49.82,37,0,1.95,PE,1686448263
517,bischofshofen,47.4167,13.2167,59.05,96,76,1.7,AT,1686448264
518,fonte boa,-2.4959,-66.2662,73.83,97,26,1.16,BR,1686448264
519,port augusta,-32.5,137.7667,63.72,43,0,14.12,AU,1686448052
520,ciudad melchor muzquiz,27.8833,-101.5167,86.34,41,57,3.65,MX,1686448265
521,jasrasar,28.298,74.8093,93.04,33,2,20.76,IN,1686448265
522,saarijarvi,62.7049,25.254,40.95,69,8,4.79,FI,1686448266
523,kuala tungkal,-0.8167,103.4667,81.95,74,11,7.2,ID,1686448266
524,olinda,-8.0089,-34.8553,76.73,83,20,6.91,BR,1686448266
525,dalandzadgad,43.5708,104.425,72.9,17,31,9.78,MN,1686448266
526,scarborough,54.2797,-0.4044,53.65,92,57,1.01,GB,1686448153
527,nadym,65.5333,72.5167,54.21,71,93,19.93,RU,1686448267
528,ar rahad,12.7167,30.65,77.67,63,100,7.99,SD,1686448268
529,crane,31.3974,-102.3501,89.91,13,9,8.59,US,1686448081
530,swakopmund,-22.6833,14.5333,52.99,90,0,1.99,NA,1686448268
531,ratnagiri,16.9833,73.3,84.52,75,93,14.34,IN,1686448269
532,barra de santo antonio,-9.4047,-35.5072,72.68,83,30,4.97,BR,1686448269
533,lompoc,34.6391,-120.4579,63.79,88,100,9.22,US,1686448269
534,hun,29.1268,15.9477,84.54,24,7,14.94,LY,1686448270
535,ceylanpinar,36.8472,40.05,74.84,43,0,6.93,TR,1686448270
536,kuta,-8.7233,115.1723,82.35,88,40,10.36,ID,1686448159
537,wuhai,39.6647,106.8122,79.45,15,0,16.4,CN,1686448271
538,sainte-anne-des-monts,49.124,-66.4924,49.87,87,100,5.75,CA,1686448271
539,tateyama,34.9833,139.8667,72.16,91,100,1.23,JP,1686448172
540,otjiwarongo,-20.4637,16.6477,54.82,32,0,6.91,NA,1686448272
541,murzuq,25.9155,13.9184,83.88,24,0,11.59,LY,1686448272
542,fada,9.5667,8.3,68.74,96,100,2.62,NG,1686448272
543,sarospatak,48.3167,21.5833,64.11,93,89,10.85,HU,1686448273
544,tocopilla,-22.092,-70.1979,62.71,78,9,5.88,CL,1686448087
545,machilipatnam,16.1667,81.1333,87.67,59,100,14.0,IN,1686448274
546,niquero,20.0431,-77.5828,80.91,83,85,10.78,CU,1686448274
547,okhotsk,59.3833,143.3,53.56,74,40,7.43,RU,1686448274
548,purpe,64.4803,76.6897,54.23,57,98,24.79,RU,1686448275
549,zhangatas,43.5667,69.75,71.1,39,2,15.12,KZ,1686448275
550,loboc,9.6383,124.0348,85.06,71,100,7.4,PH,1686448276
551,kaura namoda,12.5898,6.5779,84.13,55,99,11.72,NG,1686448277
552,kununurra,-15.7667,128.7333,84.18,39,89,5.75,AU,1686448050
553,san marcos,33.1434,-117.1661,65.52,84,100,11.5,US,1686448064
554,anori,-3.7728,-61.6442,74.19,97,87,1.54,BR,1686448278
555,mpika,-11.8343,31.4529,56.91,71,32,4.83,ZM,1686448278
556,hasaki,35.7333,140.8333,72.28,91,100,6.76,JP,1686448059
557,vilyuysk,63.7553,121.6247,74.1,62,100,8.5,RU,1686448049
558,aykhal,66.0,111.5,35.28,95,100,24.74,RU,1686448084
559,sungho 1-tong,38.9914,125.9778,75.24,55,2,0.51,KP,1686448279
560,krasnystaw,50.9846,23.1742,57.4,87,100,14.0,PL,1686448280
561,shakawe,-18.3667,21.85,57.87,34,44,5.17,BW,1686448066
562,gemena,3.25,19.7667,70.23,94,100,1.01,CD,1686448280
563,moyale,3.5167,39.0584,65.39,80,100,9.13,KE,1686448038
564,nema,57.5067,50.5011,40.32,73,4,6.76,RU,1686448281
565,holualoa,19.6228,-155.9522,78.64,86,75,13.8,US,1686448282
566,al majaridah,19.1236,41.9111,88.68,50,49,2.28,SA,1686448282
567,xining,36.6167,101.7667,65.86,37,100,4.72,CN,1686448283
568,chamonix-mont-blanc,45.9238,6.8693,57.99,91,34,1.12,FR,1686447998
569,kudahuvadhoo,2.6708,72.8944,84.22,74,100,11.52,MV,1686448284
570,krasnyy kholm,58.0607,37.1203,38.34,75,4,5.75,RU,1686448284
571,shingu,33.7333,135.9833,69.58,98,100,5.48,JP,1686448284
572,betio village,1.358,172.9211,89.64,73,17,9.78,KI,1686448285
573,nurota,40.5614,65.6886,76.33,24,14,17.74,UZ,1686448286
574,yeed,4.55,43.0333,74.57,66,61,14.5,SO,1686448286
575,soverato marina,38.685,16.5499,69.15,86,92,7.76,IT,1686448286
576,gouyave,12.1646,-61.7296,81.37,83,20,21.85,GD,1686448288
577,la passe,45.5549,-0.8967,65.98,89,87,6.02,FR,1686448288
578,sitka,57.0531,-135.33,55.29,71,75,6.91,US,1686448288
579,kantunilkin,21.0917,-87.45,75.99,97,87,2.13,MX,1686448289
580,lewiston orchards,46.3804,-116.9754,80.51,46,0,3.44,US,1686448169
581,comodoro rivadavia,-45.8667,-67.5,40.86,48,0,11.5,AR,1686448174
582,oranjemund,-28.55,16.4333,52.52,91,0,1.05,NA,1686448290
583,emerald,-23.5333,148.1667,72.34,44,0,7.14,AU,1686448290
584,batang,-6.4846,110.7083,85.37,59,25,5.1,ID,1686448290
585,dengzhou,37.8086,120.7508,68.59,68,6,8.43,CN,1686448291
586,bloemhof,-27.6469,25.607,44.58,44,0,5.37,ZA,1686448291
587,sarmiento,-45.5882,-69.07,34.93,66,4,9.6,AR,1686448085
588,saldanha,-33.0117,17.9442,55.29,89,0,8.77,ZA,1686448292
589,el calafate,-50.3408,-72.2768,32.94,74,8,10.31,AR,1686448292
590,beau vallon,-20.4189,57.6953,71.22,88,40,3.44,MU,1686448079
591,codajas,-3.8367,-62.0569,74.01,98,78,2.3,BR,1686448293
592,ponta delgada,37.7333,-25.6667,61.52,77,20,6.91,PT,1686448084
593,bykovo,55.6361,38.0803,46.81,73,0,8.95,RU,1686448294
594,dumai,1.6833,101.45,83.95,67,72,4.18,ID,1686448294
595,pelabuhanratu,-6.9875,106.5514,81.61,75,95,2.42,ID,1686448294
596,pailon,-17.65,-62.75,76.1,77,75,8.88,BO,1686448295
